zipcode,1,2,3,4,5,6,Total_Returns,Bracket_1_Percentage,Bracket_2_Percentage,Bracket_3_Percentage,Bracket_4_Percentage,Bracket_5_Percentage,Bracket_6_Percentage,average
10001,3760.0,2430.0,1930.0,1340.0,2480.0,2370.0,14310.0,0.26275331935709295,0.16981132075471697,0.13487071977638015,0.0936408106219427,0.17330538085255065,0.16561844863731656,3.2417889587700905
10002,22380.0,8260.0,4690.0,2690.0,3530.0,1640.0,43190.0,0.5181755035887937,0.1912479740680713,0.1085899513776337,0.06228293586478351,0.0817318823801806,0.03797175272053716,2.1120629775410973
10003,5320.0,4020.0,4340.0,3340.0,6580.0,6450.0,30050.0,0.17703826955074875,0.13377703826955076,0.1444259567387687,0.11114808652246257,0.21896838602329452,0.2146422628951747,3.7051580698835274
10004,340.0,260.0,290.0,200.0,520.0,880.0,2490.0,0.13654618473895583,0.10441767068273092,0.11646586345381527,0.08032128514056225,0.20883534136546184,0.3534136546184739,4.1807228915662655
10005,750.0,750.0,910.0,660.0,1360.0,1730.0,6160.0,0.12175324675324675,0.12175324675324675,0.14772727272727273,0.10714285714285714,0.22077922077922077,0.28084415584415584,4.025974025974026
10006,300.0,320.0,360.0,260.0,650.0,540.0,2430.0,0.12345679012345678,0.13168724279835392,0.14814814814814814,0.10699588477366255,0.2674897119341564,0.2222222222222222,3.9300411522633745
10007,440.0,280.0,230.0,220.0,570.0,1590.0,3330.0,0.13213213213213212,0.08408408408408409,0.06906906906906907,0.06606606606606606,0.17117117117117117,0.4774774774774775,4.4924924924924925
10009,10130.0,6860.0,5800.0,3710.0,5100.0,2110.0,33710.0,0.30050430139424505,0.20350044497181846,0.17205576980124593,0.11005636309700385,0.15129041827350934,0.0625927024621774,2.795906259270246
10010,2650.0,2430.0,2570.0,1950.0,3950.0,3930.0,17480.0,0.15160183066361557,0.13901601830663615,0.14702517162471396,0.11155606407322655,0.22597254004576658,0.2248283752860412,3.7957665903890163
10011,5130.0,3630.0,3770.0,3260.0,6970.0,7540.0,30300.0,0.16930693069306932,0.1198019801980198,0.12442244224422443,0.1075907590759076,0.23003300330033002,0.24884488448844885,3.855775577557756
10012,2490.0,1840.0,1740.0,1420.0,2790.0,2580.0,12860.0,0.19362363919129083,0.14307931570762053,0.13530326594090203,0.1104199066874028,0.21695178849144633,0.2006220839813375,3.6158631415241063
10013,4530.0,2070.0,1570.0,1140.0,2040.0,3740.0,15090.0,0.30019880715705766,0.13717693836978131,0.10404241219350563,0.07554671968190854,0.13518886679920478,0.24784625579854208,3.351888667992047
10014,2880.0,2250.0,2460.0,2110.0,4620.0,4790.0,19110.0,0.15070643642072212,0.11773940345368916,0.12872841444270017,0.11041339612768185,0.24175824175824176,0.25065410779696495,3.926739926739927
10016,4970.0,4780.0,5220.0,3880.0,7210.0,6370.0,32430.0,0.1532531606537157,0.14739438791242676,0.16096207215541167,0.11964230650632131,0.2223250077089115,0.19642306506321308,3.6996608078939257
10017,1850.0,1450.0,1530.0,1290.0,2840.0,3320.0,12280.0,0.15065146579804561,0.11807817589576547,0.1245928338762215,0.10504885993485343,0.23127035830618892,0.2703583061889251,3.9592833876221496
10018,1460.0,1060.0,800.0,640.0,1220.0,1290.0,6470.0,0.22565687789799072,0.16383307573415765,0.12364760432766615,0.09891808346213292,0.18856259659969088,0.19938176197836166,3.4590417310664607
10019,5010.0,3680.0,3380.0,2570.0,5270.0,4940.0,24850.0,0.20160965794768612,0.14808853118712273,0.13601609657947686,0.103420523138833,0.21207243460764588,0.19879275653923542,3.572635814889336
10021,3660.0,2840.0,3190.0,2520.0,4970.0,7000.0,24180.0,0.1513647642679901,0.11745244003308519,0.13192721257237386,0.10421836228287841,0.2055417700578991,0.2894954507857734,3.9636062861869314
10022,2880.0,2120.0,2440.0,2100.0,4630.0,6060.0,20230.0,0.14236282748393475,0.10479485912011864,0.12061295106277806,0.10380622837370242,0.22886801779535343,0.2995551161641127,4.070687098368759
10023,5970.0,3840.0,3800.0,3320.0,7350.0,9820.0,34100.0,0.1750733137829912,0.1126099706744868,0.11143695014662756,0.09736070381231672,0.2155425219941349,0.2879765395894428,3.929618768328446
10024,6030.0,3750.0,3610.0,2840.0,6280.0,8590.0,31100.0,0.19389067524115755,0.12057877813504823,0.11607717041800643,0.09131832797427653,0.20192926045016077,0.27620578778135046,3.815434083601286
10025,12960.0,8230.0,6330.0,4180.0,7580.0,7460.0,46740.0,0.2772785622593068,0.17608044501497647,0.13543003851091143,0.08943089430894309,0.1621737270004279,0.15960633290543433,3.1619597774925117
10026,7380.0,4240.0,2520.0,1440.0,1840.0,980.0,18400.0,0.40108695652173915,0.23043478260869565,0.13695652173913042,0.0782608695652174,0.1,0.05326086956521739,2.4054347826086957
10027,11980.0,6610.0,3490.0,1770.0,2380.0,1280.0,27510.0,0.43547800799709196,0.24027626317702652,0.12686295892402763,0.064340239912759,0.08651399491094147,0.046528535078153396,2.2657215557978914
10028,4160.0,3160.0,3790.0,2930.0,5400.0,6430.0,25870.0,0.16080402010050251,0.12214920757634326,0.14650173946656359,0.11325860069578662,0.20873598763046,0.24855044453034403,3.8326246617703905
10029,17180.0,9220.0,4610.0,1820.0,1770.0,850.0,35450.0,0.4846262341325811,0.2600846262341326,0.1300423131170663,0.051339915373765865,0.04992947813822285,0.023977433004231313,1.993794076163611
10030,6800.0,3670.0,1770.0,730.0,660.0,180.0,13810.0,0.49239681390296886,0.2657494569152788,0.12816799420709632,0.05286024619840695,0.04779145546705286,0.013034033309196235,1.9370021723388848
10031,14490.0,7980.0,3800.0,1640.0,1430.0,390.0,29730.0,0.4873864783047427,0.2684157416750757,0.12781701984527413,0.055163134880592,0.0480995627312479,0.013118062563067608,1.9475277497477297
10032,15190.0,7980.0,3620.0,1470.0,1400.0,310.0,29970.0,0.5068401735068402,0.26626626626626626,0.12078745412078745,0.04904904904904905,0.04671338004671338,0.010343677010343676,1.8935602268935603
10033,13370.0,6500.0,3240.0,1530.0,1910.0,620.0,27170.0,0.4920868605079131,0.23923444976076555,0.11924917188075083,0.05631210894368789,0.07029812292970188,0.022819285977180713,2.0419580419580416
10034,9900.0,4750.0,2760.0,1350.0,1470.0,290.0,20520.0,0.4824561403508772,0.23148148148148148,0.13450292397660818,0.06578947368421052,0.07163742690058479,0.014132553606237816,2.0550682261208575
10035,7560.0,3750.0,1850.0,930.0,990.0,300.0,15380.0,0.49154746423927176,0.24382314694408322,0.12028608582574772,0.06046814044213264,0.06436931079323797,0.01950585175552666,2.0208062418725614
10036,4460.0,3170.0,2510.0,2020.0,3710.0,2780.0,18650.0,0.239142091152815,0.16997319034852548,0.13458445040214478,0.10831099195710456,0.19892761394101877,0.14906166219839143,3.3050938337801608
10037,4120.0,2750.0,1910.0,1010.0,910.0,130.0,10830.0,0.3804247460757156,0.25392428439519854,0.17636195752539244,0.09325946445060018,0.0840258541089566,0.012003693444136657,2.2825484764542936
10038,3490.0,1950.0,1660.0,1120.0,2210.0,1780.0,12210.0,0.2858312858312858,0.1597051597051597,0.13595413595413594,0.09172809172809172,0.180999180999181,0.1457821457821458,3.15970515970516
10039,6670.0,3570.0,1750.0,750.0,680.0,160.0,13580.0,0.49116347569955815,0.26288659793814434,0.12886597938144329,0.05522827687776141,0.050073637702503684,0.011782032400589101,1.9455081001472754
10040,10370.0,5310.0,2840.0,1360.0,1370.0,360.0,21610.0,0.47987043035631655,0.24571957427117075,0.13142063859324388,0.06293382693197594,0.06339657565941693,0.016658954187875982,2.034243405830634
10044,1180.0,750.0,620.0,450.0,850.0,460.0,4310.0,0.2737819025522042,0.1740139211136891,0.14385150812064965,0.10440835266821345,0.19721577726218098,0.10672853828306264,3.0974477958236664
10065,2310.0,2110.0,2150.0,1680.0,3220.0,4460.0,15930.0,0.14500941619585686,0.13245448838669177,0.1349654739485248,0.10546139359698682,0.20213433772755807,0.27997489014438165,3.927181418706842
10075,2200.0,1710.0,2030.0,1650.0,3070.0,3770.0,14430.0,0.15246015246015246,0.11850311850311851,0.14067914067914067,0.11434511434511435,0.21275121275121275,0.26126126126126126,3.9002079002079
10128,5910.0,4750.0,5000.0,3690.0,6410.0,7740.0,33500.0,0.1764179104477612,0.1417910447761194,0.14925373134328357,0.11014925373134328,0.19134328358208955,0.231044776119403,3.6913432835820896
10280,520.0,400.0,430.0,450.0,1210.0,1340.0,4350.0,0.11954022988505747,0.09195402298850575,0.09885057471264368,0.10344827586206896,0.27816091954022987,0.3080459770114943,4.252873563218391
10301,6630.0,3830.0,2600.0,1690.0,2480.0,850.0,18080.0,0.36670353982300885,0.21183628318584072,0.14380530973451328,0.09347345132743363,0.13716814159292035,0.04701327433628318,2.5636061946902657
10302,3410.0,1750.0,1120.0,660.0,990.0,140.0,8070.0,0.4225526641883519,0.21685254027261464,0.13878562577447337,0.08178438661710037,0.12267657992565056,0.01734820322180917,2.3172242874845104
10303,5400.0,2850.0,1630.0,1010.0,1210.0,100.0,12200.0,0.4426229508196721,0.2336065573770492,0.13360655737704918,0.08278688524590164,0.09918032786885246,0.00819672131147541,2.1868852459016392
10304,8300.0,4130.0,2420.0,1470.0,2290.0,890.0,19500.0,0.4256410256410256,0.2117948717948718,0.12410256410256411,0.07538461538461538,0.11743589743589744,0.045641025641025644,2.384102564102564
10305,6770.0,4020.0,2820.0,2030.0,3010.0,590.0,19240.0,0.3518711018711019,0.20893970893970895,0.14656964656964658,0.10550935550935552,0.15644490644490644,0.030665280665280667,2.597713097713098
10306,8330.0,5050.0,3840.0,2950.0,5240.0,1300.0,26710.0,0.311868214152003,0.18906776488206664,0.14376637963309621,0.11044552602021715,0.19618120554099588,0.04867090977162111,2.836016473231
10307,1880.0,1020.0,860.0,640.0,1490.0,550.0,6440.0,0.2919254658385093,0.15838509316770186,0.13354037267080746,0.09937888198757763,0.23136645962732919,0.08540372670807453,3.0760869565217392
10308,3820.0,2340.0,1950.0,1660.0,3080.0,720.0,13570.0,0.2815033161385409,0.17243920412675018,0.14369933677229182,0.12232866617538689,0.22697126013264554,0.05305821665438467,3.0
10309,4100.0,2550.0,2050.0,1630.0,3480.0,1090.0,14900.0,0.2751677852348993,0.17114093959731544,0.13758389261744966,0.10939597315436242,0.23355704697986576,0.07315436241610739,3.074496644295302
10310,4420.0,2350.0,1400.0,1030.0,1830.0,430.0,11460.0,0.3856893542757417,0.20506108202443282,0.12216404886561955,0.08987783595113438,0.15968586387434555,0.037521815008726006,2.5453752181500873
10312,8070.0,5020.0,4060.0,3460.0,6890.0,1750.0,29250.0,0.27589743589743587,0.17162393162393164,0.13880341880341882,0.11829059829059829,0.23555555555555555,0.05982905982905983,3.0454700854700856
10314,12450.0,7950.0,5790.0,4650.0,7880.0,1810.0,40530.0,0.30717986676535897,0.19615099925980756,0.14285714285714285,0.11472982975573649,0.19442388354305454,0.04465827781889958,2.827041697508019
10451,12670.0,6360.0,2560.0,1000.0,700.0,60.0,23350.0,0.5426124197002141,0.27237687366167024,0.10963597430406852,0.042826552462526764,0.029978586723768737,0.002569593147751606,1.7528907922912205
10452,22230.0,9340.0,3330.0,960.0,500.0,30.0,36390.0,0.6108821104699094,0.25666391865897226,0.09150865622423743,0.026380873866446827,0.013740038472107722,0.0008244023083264633,1.5779060181368512
10453,23970.0,9430.0,3030.0,880.0,560.0,0.0,37870.0,0.6329548455241616,0.24900977026670187,0.08001056245048851,0.023237391074729337,0.014787430683918669,0.0,1.5378927911275417
10454,10000.0,4070.0,1260.0,330.0,230.0,20.0,15910.0,0.6285355122564424,0.2558139534883721,0.07919547454431175,0.020741671904462602,0.014456316781898177,0.001257071024512885,1.5405405405405403
10455,10630.0,4830.0,1660.0,510.0,270.0,0.0,17900.0,0.593854748603352,0.2698324022346369,0.09273743016759776,0.028491620111731845,0.015083798882681564,0.0,1.6011173184357541
10456,25320.0,10540.0,3190.0,950.0,520.0,20.0,40540.0,0.6245683275777011,0.259990133201776,0.07868771583621115,0.02343364578194376,0.012826837691169216,0.000493339911198816,1.5414405525407004
10457,20850.0,8230.0,2670.0,800.0,460.0,30.0,33040.0,0.6310532687651331,0.24909200968523001,0.08081113801452784,0.024213075060532687,0.013922518159806295,0.0009079903147699758,1.5435835351089586
10458,20400.0,8850.0,3360.0,1130.0,760.0,40.0,34540.0,0.5906195715112913,0.25622466705269253,0.09727851766068327,0.03271569195136074,0.022003474232773594,0.0011580775911986102,1.6427330631152286
10459,12480.0,5840.0,1890.0,650.0,350.0,20.0,21230.0,0.587847385774847,0.27508243052284503,0.08902496467263307,0.030617051342439944,0.016486104569006125,0.0009420631182289214,1.6156382477626006
10460,14970.0,6420.0,2210.0,770.0,480.0,30.0,24880.0,0.6016881028938906,0.2580385852090032,0.08882636655948553,0.03094855305466238,0.01929260450160772,0.0012057877813504824,1.6117363344051445
10461,8690.0,6040.0,4130.0,2260.0,2530.0,330.0,23980.0,0.3623853211009174,0.2518765638031693,0.17222685571309423,0.09424520433694746,0.10550458715596331,0.013761467889908258,2.369891576313595
10462,16630.0,10840.0,6760.0,3060.0,2360.0,150.0,39800.0,0.4178391959798995,0.2723618090452261,0.16984924623115577,0.07688442211055277,0.0592964824120603,0.0037688442211055275,2.098743718592965
10463,12800.0,7360.0,5010.0,3130.0,4270.0,1440.0,34010.0,0.3763598941487798,0.21640693913554837,0.14730961481917082,0.09203175536606881,0.1255513084386945,0.042340488091737724,2.501029109085563
10464,570.0,390.0,350.0,250.0,420.0,160.0,2140.0,0.26635514018691586,0.1822429906542056,0.16355140186915887,0.11682242990654206,0.19626168224299065,0.07476635514018691,3.018691588785047
10465,6330.0,4370.0,3280.0,2150.0,3060.0,530.0,19720.0,0.3209939148073022,0.2216024340770791,0.1663286004056795,0.10902636916835699,0.15517241379310345,0.0268762677484787,2.6364097363083165
10466,15260.0,9320.0,4360.0,2090.0,1890.0,110.0,33030.0,0.46200423857099604,0.28216772630941567,0.1320012110202846,0.06327580986981532,0.05722070844686648,0.003330305782621859,1.9815319406600058
10467,22520.0,12310.0,5640.0,2140.0,1690.0,110.0,44410.0,0.5070929970727314,0.2771898221121369,0.1269984237784283,0.048187345192524204,0.038054492231479393,0.0024769196126998424,1.8403512722359827
10468,20960.0,9050.0,3530.0,1320.0,840.0,50.0,35750.0,0.5862937062937063,0.25314685314685315,0.09874125874125875,0.036923076923076927,0.023496503496503496,0.0013986013986013986,1.6623776223776228
10469,13790.0,8530.0,4760.0,2530.0,2690.0,300.0,32600.0,0.42300613496932515,0.2616564417177914,0.1460122699386503,0.07760736196319018,0.08251533742331288,0.009202453987730062,2.162576687116564
10470,2960.0,1840.0,1210.0,660.0,860.0,130.0,7660.0,0.38642297650130547,0.2402088772845953,0.15796344647519583,0.08616187989556136,0.1122715404699739,0.016971279373368148,2.348563968668407
10471,2360.0,1620.0,1530.0,1260.0,2060.0,1060.0,9890.0,0.23862487360970677,0.16380182002022245,0.15470171890798787,0.12740141557128412,0.2082912032355915,0.10717896865520728,3.2244691607684532
10472,16550.0,7480.0,2890.0,1010.0,720.0,40.0,28690.0,0.5768560474032765,0.2607180202161032,0.10073196235622169,0.03520390379923318,0.025095852213314743,0.0013942140118508191,1.675148135238759
10473,12990.0,7670.0,3780.0,1790.0,1620.0,110.0,27960.0,0.4645922746781116,0.27432045779685266,0.1351931330472103,0.06402002861230328,0.05793991416309013,0.003934191702432046,1.988197424892704
10474,3010.0,1380.0,470.0,130.0,70.0,0.0,5060.0,0.5948616600790514,0.2727272727272727,0.09288537549407115,0.025691699604743084,0.01383399209486166,0.0,1.5909090909090908
10475,7370.0,6360.0,4630.0,2400.0,1790.0,100.0,22650.0,0.32538631346578367,0.280794701986755,0.2044150110375276,0.10596026490066225,0.07902869757174392,0.004415011037527594,2.3456953642384106
11004,1960.0,1310.0,1060.0,890.0,1290.0,240.0,6750.0,0.2903703703703704,0.19407407407407407,0.15703703703703703,0.13185185185185186,0.19111111111111112,0.035555555555555556,2.845925925925926
11005,210.0,160.0,200.0,180.0,450.0,230.0,1430.0,0.14685314685314685,0.11188811188811189,0.13986013986013987,0.1258741258741259,0.3146853146853147,0.16083916083916083,3.832167832167832
11101,5850.0,3380.0,2510.0,1550.0,2480.0,1270.0,17040.0,0.34330985915492956,0.1983568075117371,0.14730046948356806,0.09096244131455399,0.14553990610328638,0.07453051643192488,2.720657276995305
11102,7320.0,4650.0,3240.0,1810.0,2110.0,440.0,19570.0,0.37404190086867656,0.23760858456821665,0.1655595298926929,0.09248850281042412,0.10781808891159939,0.022483392948390392,2.389882473173224
11103,7600.0,5330.0,3960.0,2000.0,2110.0,380.0,21380.0,0.35547240411599623,0.24929840972871842,0.18521983161833488,0.09354536950420954,0.09869036482694106,0.01777362020579981,2.38400374181478
11104,5660.0,3540.0,2540.0,1480.0,1760.0,370.0,15350.0,0.36872964169381106,0.23061889250814332,0.16547231270358306,0.09641693811074918,0.11465798045602606,0.024104234527687295,2.429967426710098
11105,6620.0,4750.0,3460.0,2010.0,2400.0,590.0,19830.0,0.3338376197680282,0.2395360564800807,0.17448310640443773,0.10136157337367625,0.12102874432677761,0.029752899646999495,2.5254664649520926
11106,8070.0,5280.0,3930.0,2130.0,2490.0,470.0,22370.0,0.3607510058113545,0.2360303978542691,0.17568171658471166,0.09521680822530175,0.11130978989718372,0.02101028162717926,2.423334823424229
11201,6280.0,4020.0,3940.0,3210.0,6780.0,6670.0,30900.0,0.20323624595469256,0.13009708737864079,0.12750809061488674,0.10388349514563107,0.21941747572815534,0.21585760517799352,3.6537216828478964
11203,16600.0,10930.0,5260.0,2530.0,2120.0,180.0,37620.0,0.44125465178096757,0.29053694843168526,0.13981924508240298,0.06725146198830409,0.05635300372142477,0.004784688995215311,2.0212652844231793
11204,17000.0,7500.0,3570.0,2030.0,2510.0,790.0,33400.0,0.5089820359281437,0.2245508982035928,0.10688622754491017,0.06077844311377246,0.0751497005988024,0.023652694610778444,2.0395209580838323
11205,7310.0,4240.0,2710.0,1540.0,2100.0,900.0,18800.0,0.38882978723404255,0.225531914893617,0.14414893617021277,0.08191489361702127,0.11170212765957446,0.047872340425531915,2.4457446808510634
11206,18290.0,10180.0,4730.0,1890.0,1610.0,300.0,37000.0,0.4943243243243243,0.27513513513513516,0.12783783783783784,0.05108108108108108,0.04351351351351351,0.008108108108108109,1.8986486486486487
11207,23340.0,11740.0,4750.0,2080.0,1430.0,110.0,43450.0,0.5371691599539701,0.2701956271576525,0.1093210586881473,0.04787111622554661,0.03291139240506329,0.002531645569620253,1.7767548906789414
11208,24530.0,11950.0,4580.0,1740.0,1260.0,60.0,44120.0,0.5559836808703535,0.2708522212148685,0.10380779691749774,0.03943789664551224,0.028558476881233003,0.0013599274705349048,1.717815049864007
11209,11380.0,6540.0,5500.0,3850.0,5430.0,1870.0,34570.0,0.32918715649407,0.18918137113103847,0.1590974833670813,0.1113682383569569,0.1570726063060457,0.05409314434480764,2.7402371998842927
11210,12120.0,7640.0,4160.0,2170.0,2650.0,1150.0,29890.0,0.4054867848778856,0.25560388089662095,0.13917698226831715,0.07259953161592506,0.08865841418534627,0.038474406155904986,2.29876212780194
11211,10710.0,6910.0,4910.0,2960.0,4000.0,1820.0,31310.0,0.3420632385819227,0.22069626317470456,0.15681890769722134,0.09453848610667519,0.12775471095496646,0.05812839348450974,2.6196103481315878
11212,21430.0,10440.0,4180.0,1570.0,1000.0,50.0,38670.0,0.5541763641065426,0.2699767261442979,0.10809412981639514,0.04059994828032066,0.025859839668994054,0.0012929919834497026,1.717869149211275
11213,14240.0,8320.0,3830.0,1630.0,1340.0,270.0,29630.0,0.48059399257509283,0.28079649004387447,0.12926088423894702,0.0550118123523456,0.045224434694566315,0.00911238609517381,1.9308133648329397
11214,19720.0,9220.0,5010.0,2790.0,3190.0,590.0,40520.0,0.4866732477788746,0.22754195459032575,0.1236426456071076,0.0688548864758144,0.07872655478775913,0.01456071076011846,2.069101678183613
11215,6700.0,5570.0,5320.0,3790.0,7000.0,5260.0,33640.0,0.1991676575505351,0.16557669441141498,0.1581450653983353,0.11266349583828775,0.2080856123662307,0.15636147443519618,3.4340071343638527
11216,11160.0,8340.0,4940.0,2220.0,2120.0,510.0,29290.0,0.3810174120860362,0.28473881870945716,0.1686582451348583,0.07579378627517924,0.07237965175827928,0.017412086036189826,2.226015705018778
11217,4350.0,3330.0,2980.0,1990.0,3340.0,2520.0,18510.0,0.23500810372771475,0.17990275526742303,0.16099405726634253,0.10750945434900054,0.1804430037817396,0.13614262560777957,3.226904376012966
11218,13840.0,7230.0,4320.0,2710.0,3740.0,1250.0,33090.0,0.4182532487156241,0.2184950135992747,0.13055303717135086,0.0818978543366576,0.11302508310667876,0.037775763070414026,2.3662737987307345
11219,21070.0,6970.0,2670.0,1420.0,1670.0,620.0,34420.0,0.6121441022661244,0.20249854735618827,0.07757117954677513,0.04125508425334108,0.04851830331202789,0.01801278326554329,1.7655432887855897
11220,37090.0,9750.0,3620.0,1680.0,1740.0,390.0,54270.0,0.6834346784595541,0.179657269209508,0.06670351943983785,0.03095632946379215,0.032061912658927584,0.007186290768380321,1.5701124009581722
11221,18430.0,11050.0,5140.0,1960.0,1710.0,300.0,38590.0,0.47758486654573723,0.28634361233480177,0.13319512827157295,0.05079036019694221,0.04431199792692407,0.007774034724021767,1.9212231147965793
11222,6130.0,5110.0,4470.0,2520.0,3290.0,990.0,22510.0,0.27232341181697023,0.22701021768103066,0.19857840959573522,0.11195024433585073,0.1461572634384718,0.043980453131941356,2.7645490892936473
11223,15710.0,7390.0,3680.0,2240.0,2620.0,1140.0,32780.0,0.47925564368517387,0.22544234289200732,0.11226357535082367,0.06833435021354485,0.07992678462477121,0.03477730323367907,2.148566198901769
11224,10160.0,4790.0,2290.0,1310.0,1320.0,260.0,20130.0,0.5047193243914555,0.23795330352707403,0.1137605563835072,0.06507699950322901,0.06557377049180328,0.012916045702930949,1.9875807252856432
11225,12580.0,8620.0,4890.0,2150.0,1850.0,450.0,30540.0,0.4119187950229208,0.2822527832351015,0.16011787819253437,0.07039947609692207,0.060576293385723644,0.014734774066797643,2.1296660117878194
11226,24700.0,15080.0,6840.0,2900.0,2250.0,500.0,52270.0,0.47254639372489,0.2885020088004592,0.1308590013392003,0.055481155538549834,0.043045724124736943,0.009565716472163765,1.9366749569542756
11228,8160.0,3810.0,2390.0,1680.0,2480.0,830.0,19350.0,0.42170542635658914,0.19689922480620156,0.1235142118863049,0.08682170542635659,0.1281653746770026,0.04289405684754522,2.431524547803618
11229,14790.0,8030.0,4710.0,3050.0,4400.0,1290.0,36270.0,0.4077750206782465,0.2213950923628343,0.12985938792390406,0.08409153570443893,0.12131237937689551,0.03556658395368073,2.396470912599945
11230,15420.0,8150.0,4400.0,2490.0,3340.0,1530.0,35330.0,0.436456269459383,0.23068213982451174,0.12454005094820265,0.07047834701386924,0.0945372204924993,0.043305972261534105,2.2858760260401927
11231,4450.0,2920.0,2250.0,1610.0,3200.0,2500.0,16930.0,0.26284701712935615,0.1724748966331955,0.13290017720023628,0.09509746012994684,0.18901358535144713,0.14766686355581807,3.217956290608387
11232,6650.0,3140.0,1650.0,710.0,800.0,160.0,13110.0,0.5072463768115942,0.2395118230358505,0.12585812356979406,0.05415713196033562,0.06102212051868802,0.012204424103737605,1.9588100686498857
11233,14710.0,8860.0,4200.0,1840.0,1460.0,240.0,31310.0,0.46981794953688916,0.28297668476525073,0.13414244650271478,0.05876716703928457,0.04663046949856276,0.0076652826572979876,1.9524113701692751
11234,14670.0,9620.0,6220.0,4340.0,6040.0,1540.0,42430.0,0.34574593448032054,0.226726372849399,0.14659439076125383,0.10228611831251473,0.14235210935658732,0.036295074239924584,2.577657317935423
11235,16690.0,8230.0,4850.0,3080.0,4070.0,1320.0,38240.0,0.4364539748953975,0.21521966527196654,0.1268305439330544,0.08054393305439331,0.10643305439330544,0.034518828451882845,2.3088389121338913
11236,19840.0,13320.0,7030.0,3810.0,3560.0,340.0,47900.0,0.41419624217119,0.2780793319415449,0.14676409185803757,0.07954070981210856,0.07432150313152401,0.007098121085594989,2.143006263048017
11237,11390.0,7300.0,3100.0,1140.0,960.0,130.0,24020.0,0.474188176519567,0.3039134054954205,0.12905911740216486,0.04746044962531224,0.03996669442131557,0.005412156536219817,1.8913405495420483
11238,8100.0,6730.0,5490.0,3250.0,4510.0,2180.0,30260.0,0.2676801057501652,0.2224058162590879,0.18142762723066755,0.10740251156642432,0.14904163912756113,0.07204230006609386,2.8638466622604093
11239,2820.0,2040.0,1260.0,530.0,300.0,0.0,6950.0,0.40575539568345326,0.2935251798561151,0.18129496402877698,0.07625899280575539,0.04316546762589928,0.0,2.0575539568345325
11354,17920.0,5450.0,2820.0,1620.0,1830.0,430.0,30070.0,0.5959428001330229,0.18124376454938476,0.09378117725307615,0.05387429331559694,0.0608579980046558,0.014299966744263386,1.8453608247422677
11355,34930.0,8220.0,3480.0,1820.0,1880.0,350.0,50680.0,0.6892265193370166,0.1621941594317285,0.06866614048934491,0.03591160220994475,0.037095501183898975,0.006906077348066298,1.59017363851618
11356,5940.0,2850.0,1520.0,830.0,1080.0,170.0,12390.0,0.4794188861985472,0.23002421307506055,0.12267958030669895,0.06698950766747377,0.08716707021791767,0.013720742534301856,2.09362389023406
11357,6190.0,3530.0,2730.0,2170.0,3860.0,1280.0,19760.0,0.3132591093117409,0.17864372469635628,0.13815789473684212,0.10981781376518218,0.19534412955465588,0.06477732793522267,2.889676113360324
11358,8050.0,3690.0,2270.0,1520.0,2550.0,740.0,18820.0,0.4277364505844846,0.19606801275239108,0.1206163655685441,0.08076514346439957,0.13549415515409138,0.039319872476089264,2.4181721572794896
11360,2730.0,1540.0,1400.0,1210.0,2260.0,860.0,10000.0,0.273,0.154,0.14,0.121,0.226,0.086,3.1310000000000002
11361,4860.0,2690.0,1910.0,1380.0,2220.0,710.0,13770.0,0.35294117647058826,0.19535221496005808,0.13870733478576616,0.10021786492374728,0.16122004357298475,0.05156136528685548,2.6761074800290485
11362,2550.0,1530.0,1270.0,950.0,1830.0,590.0,8720.0,0.29243119266055045,0.17545871559633028,0.14564220183486237,0.10894495412844037,0.2098623853211009,0.0676605504587156,2.9713302752293576
11363,940.0,570.0,440.0,330.0,640.0,460.0,3380.0,0.2781065088757396,0.16863905325443787,0.1301775147928994,0.09763313609467456,0.1893491124260355,0.13609467455621302,3.159763313609467
11364,5930.0,3380.0,2490.0,1900.0,2990.0,850.0,17540.0,0.33808437856328394,0.19270239452679588,0.1419612314709236,0.10832383124287344,0.17046750285062715,0.04846066134549601,2.7257696693272524
11365,8540.0,4450.0,2660.0,1960.0,2790.0,610.0,21010.0,0.40647310804378867,0.21180390290337933,0.12660637791527843,0.09328891004283675,0.1327939076630176,0.029033793431699192,2.4212279866730126
11366,2560.0,1250.0,870.0,640.0,1090.0,420.0,6830.0,0.37481698389458273,0.18301610541727673,0.1273792093704246,0.09370424597364568,0.1595900439238653,0.06149341142020498,2.664714494875549
11367,7800.0,4010.0,2600.0,1620.0,2100.0,600.0,18730.0,0.4164442071542979,0.21409503470368393,0.1388147357180993,0.08649225840896957,0.11211959423384944,0.03203416978109984,2.359850507207688
11368,28810.0,12220.0,4800.0,1780.0,1220.0,90.0,48920.0,0.58892068683565,0.24979558462796403,0.09811937857726902,0.03638593622240392,0.024938675388389207,0.001839738348323794,1.6641455437448895
11369,9020.0,4530.0,2170.0,1050.0,920.0,90.0,17780.0,0.5073115860517435,0.2547806524184477,0.1220472440944882,0.05905511811023622,0.05174353205849269,0.005061867266591676,1.908323959505062
11370,6110.0,3110.0,1710.0,1000.0,1190.0,180.0,13300.0,0.45939849624060153,0.23383458646616542,0.12857142857142856,0.07518796992481203,0.08947368421052632,0.013533834586466165,2.1421052631578945
11372,16460.0,8350.0,4610.0,2440.0,2750.0,640.0,35250.0,0.46695035460992906,0.23687943262411348,0.13078014184397163,0.06921985815602837,0.07801418439716312,0.018156028368794326,2.108936170212766
11373,28340.0,12160.0,5540.0,2580.0,2300.0,310.0,51230.0,0.5531914893617021,0.23736092133515518,0.10813976185828617,0.05036111653328128,0.04489556900253758,0.006051141909037674,1.8145617802069098
11374,8110.0,4790.0,3690.0,2430.0,3150.0,700.0,22870.0,0.3546130301705291,0.2094446873633581,0.16134674245736774,0.10625273283777875,0.13773502404897245,0.03060778312199388,2.554875382597289
11375,9270.0,6000.0,5650.0,4410.0,7280.0,3160.0,35770.0,0.2591557170813531,0.16773832820799553,0.15795359239586246,0.1232876712328767,0.2035225048923679,0.08834218618954431,3.1093094772155436
11377,21790.0,10990.0,5960.0,3180.0,3310.0,500.0,45730.0,0.4764924557183468,0.24032363874917997,0.1303301989940958,0.06953859610758802,0.0723813689044391,0.010933741526350318,2.0537940083096435
11378,6840.0,3960.0,2520.0,1630.0,2180.0,400.0,17530.0,0.390188248716486,0.22589845978322876,0.1437535653166001,0.09298345693097547,0.12435824301197947,0.022818026240730177,2.403879064460924
11379,5600.0,3560.0,2800.0,1930.0,3110.0,690.0,17690.0,0.3165630299604296,0.20124364047484455,0.1582815149802148,0.10910118711136235,0.1758055398530243,0.03900508762012436,2.7433578292820804
11385,20700.0,12640.0,7330.0,3750.0,4150.0,540.0,49110.0,0.4215027489309713,0.2573813887192018,0.14925677051517003,0.07635919364691508,0.08450417430258603,0.010995723885155772,2.17796782732641
11411,3850.0,2740.0,1790.0,1050.0,1250.0,130.0,10810.0,0.3561517113783534,0.2534690101757632,0.16558741905642924,0.0971322849213691,0.11563367252543941,0.012025901942645698,2.398704902867715
11412,7650.0,5340.0,2940.0,1560.0,1500.0,110.0,19100.0,0.4005235602094241,0.27958115183246074,0.15392670157068064,0.08167539267015707,0.07853403141361257,0.005759162303664921,2.1753926701570685
11413,8160.0,5740.0,3400.0,2090.0,2140.0,190.0,21720.0,0.3756906077348066,0.26427255985267034,0.15653775322283608,0.09622467771639043,0.09852670349907919,0.008747697974217311,2.303867403314917
11414,3830.0,2750.0,2190.0,1630.0,2340.0,500.0,13240.0,0.2892749244712991,0.20770392749244712,0.16540785498489427,0.12311178247734139,0.17673716012084592,0.0377643504531722,2.8036253776435043
11415,2930.0,2150.0,1710.0,1130.0,1380.0,310.0,9610.0,0.3048907388137357,0.22372528616024975,0.17793964620187305,0.11758584807492195,0.14360041623309053,0.03225806451612903,2.6680541103017688
11416,6180.0,3250.0,1490.0,650.0,560.0,40.0,12170.0,0.5078060805258833,0.26705012325390304,0.12243221035332785,0.05341002465078061,0.04601479046836483,0.003286770747740345,1.8726376335250614
11417,6440.0,3710.0,2060.0,1090.0,1300.0,130.0,14730.0,0.43720298710115413,0.25186693822131706,0.13985064494229463,0.07399864222674814,0.08825526137135098,0.008825526137135099,2.15071283095723
11418,8310.0,4460.0,2260.0,1120.0,1310.0,210.0,17670.0,0.4702886247877759,0.2524052065647991,0.1279003961516695,0.06338426711941143,0.07413695529145445,0.011884550084889643,2.0543293718166384
11419,11910.0,6250.0,2710.0,1240.0,990.0,100.0,23200.0,0.5133620689655173,0.26939655172413796,0.1168103448275862,0.05344827586206897,0.04267241379310345,0.004310344827586207,1.855603448275862
11420,10140.0,6280.0,3150.0,1650.0,1570.0,140.0,22930.0,0.4422154382904492,0.2738770170082861,0.13737461840383777,0.07195813344962931,0.06846925425207152,0.006105538595726123,2.0689053641517665
11421,9410.0,5210.0,2700.0,1390.0,1410.0,120.0,20240.0,0.46492094861660077,0.2574110671936759,0.13339920948616601,0.06867588932806325,0.06966403162055336,0.005928853754940711,2.0385375494071143
11422,6130.0,4360.0,2640.0,1510.0,1690.0,170.0,16500.0,0.3715151515151515,0.2642424242424242,0.16,0.09151515151515152,0.10242424242424242,0.010303030303030303,2.3200000000000003
11423,6380.0,4060.0,2140.0,1150.0,1180.0,280.0,15190.0,0.42001316655694537,0.2672811059907834,0.14088215931533904,0.07570770243581304,0.07768268597761685,0.018433179723502304,2.1790651744568796
11426,3250.0,1870.0,1300.0,970.0,1620.0,280.0,9290.0,0.34983853606027987,0.20129171151776104,0.13993541442411195,0.10441334768568353,0.1743810548977395,0.030139935414424113,2.6426264800861143
11427,4170.0,2750.0,1810.0,1150.0,1470.0,350.0,11700.0,0.3564102564102564,0.23504273504273504,0.1547008547008547,0.09829059829059829,0.12564102564102564,0.029914529914529916,2.491452991452991
11428,3890.0,2600.0,1430.0,910.0,1010.0,100.0,9940.0,0.39134808853118713,0.26156941649899396,0.14386317907444668,0.09154929577464789,0.10160965794768612,0.01006036217303823,2.280684104627767
11429,5400.0,3730.0,1940.0,1080.0,960.0,80.0,13190.0,0.4094010614101592,0.28278999241849884,0.1470811220621683,0.08188021228203184,0.07278241091736164,0.006065200909780136,2.1440485216072784
11432,13700.0,6750.0,3360.0,1750.0,2050.0,670.0,28280.0,0.48444130127298446,0.23868458274398868,0.1188118811881188,0.06188118811881188,0.0724893917963225,0.02369165487977369,2.0703677510608207
11433,8050.0,4450.0,2030.0,950.0,730.0,70.0,16280.0,0.49447174447174447,0.27334152334152334,0.1246928746928747,0.05835380835380835,0.04484029484029484,0.0042997542997543,1.8986486486486487
11434,13110.0,9140.0,5240.0,2650.0,2100.0,140.0,32380.0,0.4048795552810377,0.28227300802964794,0.16182828906732552,0.08184064237183447,0.06485484867201977,0.004323656578134651,2.132489190858555
11435,12050.0,6540.0,3690.0,1930.0,1790.0,220.0,26220.0,0.4595728451563692,0.2494279176201373,0.14073226544622425,0.07360793287566743,0.06826849733028223,0.008390541571319604,2.066742944317315
11436,4180.0,2660.0,1410.0,670.0,590.0,30.0,9540.0,0.4381551362683438,0.27882599580712786,0.14779874213836477,0.07023060796645703,0.06184486373165619,0.0031446540880503146,2.048218029350105
11691,11260.0,5730.0,2650.0,1210.0,1290.0,280.0,22420.0,0.5022301516503123,0.25557537912578054,0.11819803746654772,0.05396966993755575,0.05753791257805531,0.012488849241748439,1.9464763603925066
11692,4130.0,2290.0,1080.0,520.0,540.0,90.0,8650.0,0.4774566473988439,0.26473988439306356,0.12485549132947976,0.06011560693641618,0.06242774566473988,0.010404624277456647,1.9965317919075143
11693,2360.0,1270.0,820.0,510.0,670.0,70.0,5700.0,0.41403508771929826,0.22280701754385965,0.14385964912280702,0.08947368421052632,0.11754385964912281,0.012280701754385965,2.310526315789474
11694,2710.0,1660.0,1200.0,910.0,1630.0,690.0,8800.0,0.3079545454545455,0.18863636363636363,0.13636363636363635,0.10340909090909091,0.18522727272727274,0.07840909090909091,2.9045454545454543
11697,470.0,260.0,290.0,260.0,530.0,230.0,2040.0,0.23039215686274508,0.12745098039215685,0.14215686274509803,0.12745098039215685,0.25980392156862747,0.11274509803921569,3.397058823529412
